{"loss": [NaN, NaN, NaN, NaN, NaN], "mean_absolute_error": [NaN, NaN, NaN, NaN, NaN], "mean_q": [NaN, NaN, NaN, NaN, NaN], "mean_eps": [NaN, NaN, NaN, NaN, NaN], "episode_reward": [1.0, 1.0, 1.0, 0.0, 4.0], "nb_episode_steps": [177, 158, 169, 132, 271], "nb_steps": [177, 335, 504, 636, 907], "episode": [0, 1, 2, 3, 4], "duration": [0.7522721340001226, 0.6190996159994029, 0.6694315410004492, 0.5441997259995333, 1.0430126940000264]}